AAH,"Aachen","Allemagne"
AAL,"Aalborg","Danemark"
AAR,"Aarhus (Tirstrup)","Danemark"
ABZ,"Aberdeen (Dyce)","Ecosse"
ABJ,"Abidjan (Port Bouet)","Côte d'Ivoire"
DFA,"Abu Dhabi (Al Dhafra Airport)","EAU"
AZI,"Abu Dhabi (Bettina)","EAU"
AUH,"Abu Dhabi (Nadia International)","EAU"
ABS,"Abu Simbel","Egypte"
ABV,"Abuja","Nigeria"
ACA,"Acapulco (J. Alvarez)","Mexique"
ACC,"Accra (Kotoka)","Ghana"
ADD,"Addis Ababa (Bole)","Ethiopie"
ADL,"Adelaide International","Australie"
ADE,"Aden (International)","Yémen"
AJY,"Agades (Manu Dayak)","Niger"
AGA,"Agadir (Al Massira)","Maroc"
AGF,"Agen","France"
AGR,"Agra","Inde"
AMD,"Ahmedabad","Inde"
AJA,"Ajaccio (Campo Dell'Oro)","France"
LBI,"Albi","France"
ABQ,"Albuquerque International","USA"
ALP,"Alep","Syrie"
ALY,"Alexandrie","Egypte"
ALG,"Alger (Houari Boumediene)","Algérie"
AHO,"Alghero (Fertilia)","Italie"
ALC,"Alicante","Espagne"
ASP,"Alice Springs","Australie"
ALA,"Almaty (Alma Ata)","Kazakhstan"
ADJ,"Amman (Marka)","Jordanie"
AMM,"Amman (Queen Alia Inter.)","Jordanie"
ATQ,"Amritsar","Inde"
AMS,"Amsterdam (Schiphol)","Pays Bas"
SPL,"Amsterdam (Schiphol)","Pays Bas"
MRI,"Anchorage (Merrill Field)","Alaska"
ANC,"Anchorage Internat. Airport","Alaska"
ASD,"Andros International","Bahamas"
ANE,"Angers","France"
ANG,"Angoulême","France"
AXA,"Anguilla (The Valley)","Anguilla"
AJN,"Anjouan","Comores"
ANK,"Ankara (Esenboga)","Turquie"
ESB,"Ankara (Esenboga)","Turquie"
AAE,"Annaba (El Mellah)","Algérie"
AYT,"Antalya","Turquie"
TNR,"Antananarivo (Ivato)","Madagascar"
ANU,"Antigua (Saint John's)","Antigua"
ANF,"Antofagasta (Cerro Moreno)","Chili"
ANR,"Anvers (Deurne)","Belgique"
FGI,"Apia (Fabali Si)","Samoa"
APW,"Apia (Faleolo)","Samoa"
AQJ,"Aqaba","Jordanie"
AQP,"Arequipa (Rodriguez Ballon)","Pérou"
ACE,"Arrecife (Lanzarote)","Canaries"
ARK,"Arusha","Tanzanie"
ASB,"Ashkhabad","Turkménistan"
ASM,"Asmara (Yohannes IV)","Erythrée"
ASU,"Asuncion (Stroessner)","Paraguay"
ASW,"Aswan","Egypte"
ATR,"Atar","Mauritanie"
ATH,"Athens (Hellinikon Internat.)","Grèce"
JAO,"Atlanta (Beaver Ruin Airport)","USA"
FTY,"Atlanta (Brown Field)","USA"
PDK,"Atlanta (Dekalb Peachtree Airport)","USA"
ATL,"Atlanta International Airport","USA"
MHB,"Auckland (Mechanics Bay)","Nouvelle Zélande"
AKL,"Auckland International","Nouvelle Zélande"
AUR,"Aurillac","France"
AUF,"Auxerre","France"
AVN,"Avignon (Caumont)","France"
AYQ,"Ayers Rock","Australie"
BGW,"Bagdad (Metropolitan Area)","Irak"
BAH,"Bahrain Muharraq Internat.","Bahrain"
YBC,"Baie Comeau","Qébéc, Canada"
BAK,"Baku Bina Internat. Airport","Azerbaijan"
BSL,"Bâle/Mulhouse (Euro Airport)","Suisse"
EAP,"Bâle/Mulhouse","Suisse/France"
BWI,"Baltimore/Washington Internat.","USA"
WGL,"Baltra Island","Galapagos, Equateur"
BKO,"Bamako (Senou)","Mali"
BWN,"Bandar Seri Begwan Internat.","Brunei"
BKK,"Bangkok (Don Muang Internat.)","Thailande"
BGF,"Bangui (M'Poko)","Centrafrique"
BJL,"Banjul (Yundum)","Gambie"
BRX,"Barahona","République Dominicaine"
BBQ,"Barbuda (Codrington)","Antigua et Barbuda"
BLA,"Barcelona (J. A. Anzoategui)","Venezuela"
BCN,"Barcelone Airport","Espagne"
BRI,"Bari (Palese Macchie)","Italie"
BBR,"Basse Terre","Guadeloupe"
BIA,"Bastia (Poretta)","France"
BSG,"Bata","Guinée Equatoriale"
BVA,"Beauvais (Tille)","France"
PEK,"Beijing (Capital)","Chine"
BJS,"Beijing Metropolitan Airport","Chine"
BEW,"Beira","Mozambique"
BJA,"Bejaia (Soummam)","Algérie"
BEL,"Belem (Vale de Caes)","Brésil"
BFS,"Belfast (Internat. Airport)","Irlande du Nord"
BHD,"Belfast City Airport","Irlande du Nord"
BEG,"Belgrade (N. Tesla Internat.)","Serbie"
BJY,"Belgrade","Serbie"
TZA,"Belize City (Municipal)","Belize"
BZE,"Belize International Airport","Belize"
BHZ,"Belo Horizonte (Confins)","Brésil"
PLU,"Belo Horizonte","Brésil"
CNF,"Belo Horizonte","MG, Brésil"
BEN,"Benghazi (Benina)","Libye"
BQU,"Bequia","St. Vincent et Grenadines"
BGY,"Bergamo","Italie"
BGO,"Bergen (Flesland)","Norvège"
EGC,"Bergerac","France"
BER,"Berlin (Metropolitan Airport)","Allemagne"
SXF,"Berlin (Schoenefeld)","Allemagne"
TXL,"Berlin (Tegel)","Allemagne"
THF,"Berlin (Tempelhof)","Allemagne"
BDA,"Bermuda (Kindley Field)","Bermudes"
BRN,"Berne","Suisse"
ZDJ,"Berne","Suisse"
BEY,"Beyrouth International Airport","Liban"
BZR,"Béziers","France"
BIQ,"Biarritz","France"
BIO,"Bilbao","Espagne"
BLL,"Billund","Danemark"
BHX,"Birmingham Internat. Airport","Angleterre"
FRU,"Bishkek (Frunze)","Kirghizistan"
BSK,"Biskra","Algérie"
BXO,"Bissau (Bissallanca)","Guinée Bissau"
BLZ,"Blantyre (Chilika)","Malawi"
BVB,"Boa Vista","Brésil"
BVC,"Boavista","Cap Vert"
BOO,"Bodo","Norvège"
BOG,"Bogota (Eldorado)","Colombie"
BLQ,"Bologna (Giuseppe Marconi)","Italie"
BOM,"Bombay (Ch. Shivaji Int.)","Inde"
BON,"Bonaire (Flamingo)","Antilles Néerl."
BNJ,"Bonn (Wahn)","Allemagne"
BOB,"Bora Bora","Polynésie Française"
BOD,"Bordeaux (Merignac)","France"
BOS,"Boston (Logan Internat.)","USA"
BOH,"Bournemouth","Angleterre"
BGZ,"Braga","Portugal"
BSB,"Brasilia Internacional","Brésil"
BTS,"Bratislava (Ivanka Airport)","Slovaquie"
XLW,"Bremen (Lemwerder)","Allemagne"
BRE,"Bremen (Nieuenland)","Allemagne"
BES,"Brest (Guipavas)","France"
BGI,"Bridgetown (G. Adams Int.)","Barbade"
BDS,"Brindisi (Casale)","Italie"
BNE,"Brisbane (International)","Australie"
BRS,"Bristol (Lulsgate)","Angleterre"
BVE,"Brive","France"
BRQ,"Brno","Rép. Tchèque"
BRU,"Bruxelles (National/Zaventem)","Belgique"
BQE,"Bubaque","Guinée Bissau"
BBU,"Bucarest (Baneasa Airport)","Roumanie"
OTP,"Bucarest (Otopeni)","Roumanie"
BUH,"Bucarest","Roumanie"
BUD,"Budapest (Ferihegyi)","Hongrie"
EZE,"Buenos Aires (Ezeiza)","Argentine"
AEP,"Buenos Aires (J. Newbery)","Argentine"
BUE,"Buenos Aires","Argentine"
BJM,"Bujumbura (International)","Burundi"
BHK,"Bukhara Airport","Ouzbékistan"
BOJ,"Burgas","Bulgarie"
CFR,"Caen (Carpiquet)","France"
CAG,"Cagliari (Elmas)","Italie"
ZAO,"Cahors","France"
CNS,"Cairns International","Australie"
CCU,"Calcutta (Dum Dum Internat.)","Inde"
YYC,"Calgary Internat. Airport","Canada"
CLY,"Calvi (Sainte Catherine)","France"
CPE,"Campeche (Alberto Ongay)","Mexique"
CBR,"Canberra","Australie"
CUN,"Cancun International","Mexique"
CEQ,"Cannes (Mandelieu)","France"
CAP,"Cap Haitien","Haiti"
CSK,"Cap Skirring","Sénégal"
CPT,"Cape Town (D.F. Malan)","Afrique du Sud"
YGF,"Cape Town (Youngsfield)","Af. du Sud"
PRJ,"Capri","Italie"
CCS,"Caracas (Aeropuerto Intern.)","Venezuela"
CCF,"Carcassonne","France"
CWL,"Cardiff (Rhoose)","Pays de Galles"
CTG,"Cartagena (Rafael Nunez)","Colombie"
CAS,"Casablanca (Metropolitan)","Maroc"
CMN,"Casablanca (Mohamed V)","Maroc"
DCM,"Castres","France"
CTA,"Catane (Fontanarossa)","Italie"
CCC,"Caya Coco","Cuba"
CUK,"Caye Caulker","Belize"
CAY,"Cayenne (Rochambeau)","Guyane"
CEB,"Cebu","Philippines"
CHH,"Chachapoyas","Pérou"
CMF,"Chambery (Aix Les Bains)","France"
CZX,"Changzhou","Chine"
CRL,"Charleroi (Gosselies)","Belgique"
CHR,"Châteauroux (Deols)","France"
CTU,"Chengdu","Chine"
CER,"Cherbourg (Maupertus)","France"
CNX,"Chiang Mai International","Thaïlande"
CEI,"Chiang Rai Internat. Airport","Thailande"
CGX,"Chicago (Meigs Airport)","USA"
CHI,"Chicago (Metropolitan Area)","USA"
MDW,"Chicago (Midway Airport)","USA"
ORD,"Chicago (O'Hare International)","USA"
UGN,"Chicago (Waukegan Regional)","USA"
CGT,"Chinguitti","Mauritanie"
JKH,"Chios","Grèce"
KIV,"Chisinau (Kishinev)","Moldavie"
CGP,"Chittagong (Patenga)","Bangladesh"
CHC,"Christchurch Int'l Airport","Nlle Zélande"
CFG,"Cienfuegos","Cuba"
CFE,"Clermont Ferrand (Aulnat)","France"
BKL,"Cleveland (Burke Lakefront Airport)","USA"
CNG,"Cognac","France"
CMR,"Colmar","France"
CGN,"Cologne/Bonn","Allemagne"
CMB,"Colombo (Katunayake)","Sri Lanka"
RML,"Colombo","Sri Lanka"
CZL,"Constantine (Ain El Bey)","Algérie"
CND,"Constanza (M. Kogainiceanu)","Roumanie"
CPD,"Coober Pedy","Australie"
RUY,"Copan","Honduras"
CPH,"Copenhagen (Kastrup)","Danemark"
RKE,"Copenhagen (Roskilde)","Danemark"
ODB,"Cordou (San Jeronimo)","Espagne"
ORK,"Cork","Irlande"
COO,"Cotonou (Cadjehoun)","Benin"
CZM,"Cozumel","Mexique"
CUE,"Cuenca","Equateur"
CUR,"Curacao (Hato)","Antilles Néerlandaises"
CUZ,"Cuzco","Pérou"
CZW,"Czestochowa","Pologne"
DAD,"Da Nang","Viêtnam"
DSS,"Dakar (AIBD)","Sénégal"
DKR,"Dakar (Yoff)","Sénégal"
DLM,"Dalaman","Turquie"
ADS,"Dallas (Addison Airport)","USA"
RBD,"Dallas (Redbird Airport)","USA"
WRK,"Dallas (White Rock Airport)","USA"
DAL,"Dallas Love Field","USA"
DFW,"Dallas/Fort Worth Internat.","USA"
DAM,"Damas","Syrie"
DAR,"Dar es Salaam","Tanzanie"
DRW,"Darwin","Australie"
YDA,"Dawson","Canada"
DTH,"Death Valley","USA"
DOL,"Deauville (Saint Gatien)","France"
DEL,"Delhi (Indira Gandhi Internat)","Inde"
DPS,"Denpasar (Ngurah Rai)","Indonésie"
APA,"Denver (Centennial Airport)","USA"
FTG,"Denver (Front Range Airport)","USA"
QDV,"Denver (Metropolitan Area)","USA"
DEN,"Denver (Stapleton Internat.)","USA"
BJC,"Denver/Broomfield (Jeffco Airport)","USA"
DTT,"Detroit (Metropolitan Area)","USA"
DTW,"Detroit (Wayne County Airport)","USA"
YIP,"Detroit (Willow Run Airport)","USA"
DET,"Detroit City Airport","USA"
DAC,"Dhaka (Zia Internat.)","Bangladesh"
DHM,"Dharamsala","Inde"
DIJ,"Dijon (Longvic)","France"
DIL,"Dili (Komoro)","East Timor"
DNR,"Dinard (St. Malo)","France"
DIR,"Dire Dawa (A.T.D. Yilma)","Ethiopie"
DJG,"Djanet (Tiska)","Algérie"
DJE,"Djerba/Zarzis","Tunisie"
JIB,"Djibouti (Ambouli)","Djibouti"
DNK,"Dnipropetrovsk","Ukraine"
DDM,"Dodoma","Tanzanie"
DOH,"Doha","Qatar"
DSA,"Doncaster/Sheffield","Angleterre"
DTM,"Dortmund","Allemagne"
DLA,"Douala","Cameroun"
DRS,"Dresde","Allemagne"
DXB,"Dubai International Airport","EAU"
DUB,"Dublin","Irlande"
DBV,"Dubrovnik","Croatie"
DUR,"Durban (L. Botha)","Afrique du Sud"
DYU,"Dushanbe","Tajikistan"
DUS,"Dusseldorf (Rhein Ruhr)","Allemagne"
QDU,"Dusseldorf","Allemagne"
DZA,"Dzaoudzi (Pamandzi)","Mayotte"
ELS,"East London","Afrique du Sud"
EMA,"East Midlands (Derby)","Angleterre"
EDI,"Edinburgh","Ecosse"
YEA,"Edmonton (Metropolitan Area)","Canada"
YED,"Edmonton (Namao Field)","Canada"
YEG,"Edmonton Internat. Airport","Canada"
YXD,"Edmonton Municipal Airport","Canada"
EIN,"Eindhoven","Pays Bas"
EXT,"Exeter","Angleterre"
FAO,"Faro","Portugal"
FEZ,"Fès (Saiss)","Maroc"
WFI,"Fianarantsoa","Madagascar"
FSC,"Figari","France"
FLR,"Florence (Peretola)","Italie"
FRS,"Flores","Guatemala"
FTU,"Fort Dauphin","Madagascar"
FDF,"Fort de France (Le Lamentin)","Martinique"
FOR,"Fortaleza","Brésil"
IGU,"Foz do Iguacu (Cataratas)","Brésil"
FRA,"Francfort (Rhein/Main)","Allemagne"
FPO,"Freeport International Airport","Bahamas"
HGS,"Freetown (Hastings)","Sierra Leone"
FNA,"Freetown (Lungi Airport)","Sierra Leone"
JMY,"Freetown (Manny Yoko)","Sierra Leone"
JFM,"Fremantle","Australie"
FDH,"Friedrichshafen (Lowenthal)","Allemagne"
FUE,"Fuerteventura","Canaries"
FJR,"Fujairah International Airport","EAU"
FNC,"Funchal","Madère"
GAE,"Gabes","Tunisie"
GBE,"Gaborone (Sir Seretse Khama)","Botswana"
GPS,"Galapagos Islands","Equateur"
GWY,"Galway","Irlande"
GAQ,"Gao","Mali"
GOU,"Garoua","Cameroun"
GDN,"Gdansk (Rebiechowo)","Pologne"
GVA,"Genève (Genève Cointrin)","Suisse"
GEO,"Georgetown (Timehri)","Guyana"
GRO,"Gerona (Costa Brava)","Espagne"
LTD,"Ghadames","Libye"
GHA,"Ghardaia (Noumerate)","Algérie"
GIB,"Gibraltar (North Front)","Gibraltar"
GLA,"Glasgow (Abbotsichn)","Ecosse"
GOI,"Goa","Inde"
GOQ,"Golmud","Chine"
GOT,"Göteborg (Landvetter)","Suède"
GSE,"Göteborg (Save)","Suède"
GZM,"Gozo","Malte"
GRW,"Graciosa Island","Açores, Portugal"
GRX,"Granada","Espagne"
GCM,"Grand Cayman","Cayman Islands"
GDT,"Grand Turk","Turks et Caicos"
GRZ,"Graz (Thalerhof)","Austriche"
GND,"Grenade (Pearls)","Grenade"
GNB,"Grenoble (Saint Geoirs)","France"
GDL,"Guadalajara (Miguel Hidalgo)","Mexique"
GUM,"Guam","Guam"
CAN,"Guangzhou (Baiyun)","Chine"
GUA,"Guatemala City (La Aurora)","Guatemala"
GYE,"Guayaquil (Simon Bolivar)","Equateur"
GCI,"Guernesey","îles Anglo normandes"
KWL,"Guilin","Chine"
HHN,"Hahn","Allemagne"
HFA,"Haifa","Israël"
YSX,"Halifax (Shearwater Airport)","Canada"
YHZ,"Halifax International Airport","Canada"
HAM,"Hamburg (Fuhlsbuttel)","Allemagne"
XFW,"Hamburg Finkenwerder","Allemagne"
HAJ,"Hannovre (Langenhagen)","Allemagne"
HAN,"Hanoi (Noi Bai)","Viêtnam"
HRE,"Harare","Zimbabwe"
HEM,"Helsinki (Malmi)","Finlande"
HEL,"Helsinki (Vantaa)","Finlande"
HER,"Heraklion (Iraklion)","Grèce"
WNT,"Hierro","Canaries"
HIX,"Hiva Oa","Polynésie Française"
SGN,"Ho Chi Minh (Tan Son Nhut)","Viêtnam"
HBA,"Hobart","Tasmania, Australie"
HOG,"Holguin","Cuba"
HKG,"Hong Kong, Int'l Airport","Hong Kong"
HIR,"Honiara","(Henderson), Iles Salomon"
NPS,"Honolulu (Ford Island)","Hawaii"
HNL,"Honolulu International Airport","Hawaii"
HOR,"Horta (Faial Island)","Açores"
AAP,"Houston (Andrau Airpark)","USA"
DWH,"Houston (D. W. Hooks)","USA"
EFD,"Houston (Ellington Field)","USA"
HOU,"Houston (William P. Hobby Airport)","USA"
IAH,"Houston Intercontinental Airport","USA"
AXH,"Houston Southwest Airport","USA"
YND,"Hull Ottawa (Gatineau Airport)","Canada"
HRG,"Hurghada","Egypte"
HYD,"Hyderabad","Inde"
IGR,"Iguazu (Cataratas del Iguazu)","Argentine"
ILP,"Ile des Pins","Nouvelle Caledonie"
IDY,"Ile d'Yeu","France"
YGR,"Iles de la Madeleine","Canada"
INN,"Innsbruck (Kranebitten)","Austriche"
INV,"Inverness","Ecosse"
IQT,"Iquitos (F.S. Vigneta)","Pérou"
IKT,"Irkutsk","Russie"
UIK,"Irkutsk","Russie"
IFN,"Isfahan","Iran"
IOM,"Isle of Man (Ronaldsway)","Angleterre"
SKL,"Isle of Skye","Angleterre"
IST,"Istanbul (Ataturk Internat.)","Turquie"
SAW,"Istanbul (S.Gokcen Internat.)","Turquie"
IZM,"Izmir (A. Menderes)","Turquie"
ADB,"Izmir (Adnan Menderes)","Turquie"
JAI,"Jaipur","Inde"
JSA,"Jaisalmer","Inde"
HLP,"Jakarta (Halim Perdanakusuma)","Indonésie"
JKT,"Jakarta (Metropolitan Area)","Indonésie"
CGK,"Jakarta (Soekarno Hatta Int'l)","Indonésie"
JED,"Jeddah (King Abdul Aziz)","Arabie Saoudite"
JER,"Jersey","Iles Anglo normandes"
QRA,"Jo'burg (Randgermiston)","Afrique du Sud"
JDH,"Jodhpur","Inde"
GCJ,"Johannesburg (Grand Central)","Afrique du Sud"
JNB,"Johannesburg (J. Smuts)","Afrique du Sud"
JHB,"Johor Bahru","Malaisie"
KBL,"Kabul","Afghanistan"
KGD,"Kaliningrad","Russie"
EBB,"Kampala (Entebbe)","Ouganda"
KHH,"Kaohsiung International","Taiwan"
KHI,"Karachi","Pakistan"
QKA,"Karlsruhe (Forchheim)","Allemagne"
FKB,"Karlsruhe/Baden","Allemagne"
BBK,"Kasane","Botswana"
KTM,"Kathmandu (Tribhuvan)","Népal"
KTW,"Katowice (Pyrzowice)","Pologne"
KRT,"Khartoum","Soudan"
LBD,"Khudzhand","Tajikistan"
KBP,"Kiev (Borispol)","Ukraine"
IEV,"Kiev (Zhulyany)","Ukraine"
KGL,"Kigali (Kanombe)","Rwanda"
JRO,"Kilimanjaro","Tanzanie"
KIN,"Kingston (Norman Manley)","Jamaique"
KTP,"Kingston (Tinson)","Jamaica"
FIH,"Kinshasa (Ndjili)","RDC"
NLO,"Kinshasa (N'Dolo)","RDC"
UKB,"Kobe","Japon"
USM,"Koh Samui","Thailand"
KBR,"Kota Bharu","Malaisie"
BKI,"Kota Kinabalu","Malaisie"
KBV,"Krabi","Thailande"
KRK,"Krakow (Balice)","Pologne"
KUL,"Kuala Lumpur (Subang)","Malaisie"
KCH,"Kuching","Malaisie"
KMG,"Kunming (Wujlaba)","Chine"
KWI,"Kuwait International Airport","Kuwait"
UKY,"Kyoto","Japon"
LBY,"La Baule","France"
LCE,"La Ceiba (Goloson)","Honduras"
LCG,"La Coruna","Espagne"
DSD,"La Desirade","Guadeloupe"
HAV,"La Havane (Jose Marti)","Cuba"
PLP,"La Palma","Canaries"
LPB,"La Paz (El Alto)","Bolivie"
LRH,"La Rochelle (Laleu)","France"
LRM,"La Romana","République Dominicaine"
LOS,"Lagos (Murtala Muhammed)","Nigeria"
LHE,"Lahore","Pakistan"
LLI,"Lalibella","Ethiopie"
LAU,"Lamu (Mwana)","Kenya"
LGK,"Langkawi","Malaisie"
LAI,"Lannion","France"
ZGC,"Lanzhou (Zhongchuan)","Chine"
LCA,"Larnaca","Chypre"
LPA,"Las Palmas/Gran Canaria","Canaries"
HSH,"Las Vegas (Henderson Sky Harbor)","USA"
LAS,"Las Vegas (McCarran Internat.)","USA"
LVS,"Las Vegas Municipal Airport","USA"
QLS,"Lausanne (La Blecherette)","Suisse"
CAI,"Le Caire International Airport","Egypte"
LEH,"Le Havre (Octeville)","France"
LPY,"Le Puy","France"
LBA,"Leeds/Bradford","Angleterre"
IXL,"Leh","Inde"
LEJ,"Leipzig (Schkeuditz)","Allemagne"
LSI,"Lerwick","Shetland"
LSS,"Les Saintes","Guadeloupe"
LXA,"Lhasa","Tibet"
LBV,"Libreville (Leon M'Ba)","Gabon"
LGG,"Liege (Bierset)","Belgique"
LIL,"Lille (Lesquin)","France"
LLW,"Lilongwe (Kamuzu Internat.)","Malawi"
LIM,"Lima (J. Chavez Internacional)","Pérou"
QLI,"Limassol","Chypre"
LIG,"Limoges (Bellegarde)","France"
LIS,"Lisbone (Portela de Sacavem)","Portugal"
LPL,"Liverpool (Speke Airport)","Angleterre"
LJU,"Ljubljana (Brnik)","Slovénie"
LOH,"Loja","Equateur"
LFW,"Lome (Tokoin)","Togo"
LCY,"Londres (City Airport)","Angleterre"
LGW,"Londres (Gatwick)","Angleterre"
LHR,"Londres (Heathrow)","Angleterre"
LON,"Londres (Metropolitan Area)","Angleterre"
STN,"Londres (Stansted)","Angleterre"
LRT,"Lorient (Lann Bihouet)","France"
QLA,"Los Angeles (Metropolitan Area)","USA"
VNY,"Los Angeles (Van Nuys Airport)","USA"
WHP,"Los Angeles (Whiteman Airport)","USA"
LAX,"Los Angeles Internat. Airport","USA"
SJD,"Los Cabos (S. J. del Cabo)","Mexique"
LDE,"Lourdes/Tarbes (Ossun)","France"
LAD,"Luanda (4 de Fevereiro)","Angola"
LPQ,"Luang Prabang","Laos"
QLJ,"Lucerne","Suisse"
LUD,"Lüderitz","Namibie"
LUG,"Lugano (Agno)","Suisse"
LUN,"Lusaka Internat. Airport","Zambie"
LTN,"Luton Airport","Angleterre"
LUX,"Luxembourg (Findel)","Luxembourg"
LXR,"Luxor","Égypte"
CRK,"Luzon (Clark Field)","Philippines"
LYN,"Lyon (Bron)","France"
LYS,"Lyon (St Exupery)","France"
MST,"Maastricht (Zuid Limburg)","Pays Bas"
MCP,"Macapa","Brésil"
MAA,"Madras (Meenambakkam)","Inde"
MAD,"Madrid (Barajas)","Espagne"
SEZ,"Mahé (Seychelles Int'l)","Seychelles"
MAH,"Mahon (Menorca)","Baleéares"
MMO,"Maio","Cape Verde"
MJN,"Majunga (Amborovy)","Madagascar"
SSG,"Malabo","Guinée Equatoriale"
MKZ,"Malacca (Batu Berenclum)","Malaisie"
AGP,"Malaga","Espagne"
MLE,"Male (Hulule)","Maldives"
MYD,"Malindi","Kenya"
MMX,"Malmo (Sturup)","Suède"
MMA,"Malmo","Suède"
MLA,"Malte (Luqa)","Malta"
MGA,"Managua (A. Sandino)","Nicaragua"
WVK,"Manakara","Madagascar"
WMR,"Mananara","Madagascar"
MAO,"Manaus (Eduardo Gomes)","Brésil"
MAN,"Manchester (Ringway Int.)","Angleterre"
XXB,"Manchester (Woodford)","Angleterre"
MDL,"Mandalay","Myanmar"
SGL,"Manila","Philippines"
MNL,"Manille (Ninoy Aquino)","Philippines"
MPM,"Maputo","Mozambique"
MDQ,"Mar del Plata","Argentine"
MRX,"Margarita Island","Venezuela"
GBJ,"Marie Galante","Guadeloupe"
RAK,"Marrakech (Menara)","Maroc"
MRS,"Marseille (Marignane)","France"
MSU,"Maseru (Moshoeshoe)","Lesotho"
MHD,"Mashad","Iran"
MSW,"Massawa","Erythrée"
AMI,"Mataram (Selaparang)","Indonésie"
MOF,"Maumere","Indonésie"
MUB,"Maun","Botswana"
MES,"Medan (Polonia)","Indonésie"
MEK,"Meknes","Maroc"
MEB,"Melbourne (Essendon)","Australie"
MEL,"Melbourne (Tullamarine)","Australie"
MDZ,"Mendoza (El Plumerillo)","Argentine"
MID,"Merida (M. C. Rejon)","Mexique"
MRD,"Merida","Venezuela"
MZM,"Metz (Frescaty)","France"
ETZ,"Metz/Nancy (Lorraine)","France"
VXX,"Mexico City (Sertel)","Mexique"
MEX,"Mexico City","(Benito Juarez) ,Mexique"
TNT,"Miami (Dade Collier)","USA"
TMB,"Miami (Kendall Tamiami)","USA"
OPF,"Miami (Opa Locka Airport)","USA"
MIA,"Miami International Airport","USA"
LIN,"Milan (Linate)","Italie"
MXP,"Milan (Malpensa)","Italie"
MIL,"Milan (Metropolitan Area)","Italie"
SWK,"Milan (Segrate)","Italie"
YLP,"Mingan","Canada"
MSP,"Minneapolis/St. Paul","USA"
MSQ,"Minsk (Loshitsa)","Belarusse"
NWA,"Moheli","Comores"
MBA,"Mombasa (Moi Internat.)","Kenya"
MIR,"Monastir (Skanes)","Tunisie"
ROB,"Monrovia (Roberts Field)","Liberia"
MLW,"Monrovia (Spriggs Payne)","Liberia"
MBJ,"Montego Bay (Sangster)","Jamaique"
NTR,"Monterrey (Aeropuerto Norte)","Mexique"
MTY,"Monterrey (M. Escobedo)","Mexique"
MVD,"Montevideo (Carrasco)","Uruguay"
MPL,"Montpellier (Méditeranée)","France"
YMX,"Montréal (Mirabel internat.)","Canada"
YUL,"Montréal (P. E. Trudeau)","Canada"
YMQ,"Montréal (région métropolitaine)","Canada"
YHU,"Montreal (St.Hubert)","Canada"
MZI,"Mopti (Barbe)","Mali"
HAH,"Moroni (Hahaya)","Comores"
YVA,"Moroni (Hahaya/Iconi)","Comores"
SVO,"Moscou (Cheremetievo 2)","Russie"
MOW,"Moscou (Metropolitan Area)","Russie"
BKA,"Moscow (Bykovo)","Russie"
DME,"Moscow (Domodemovo)","Russie"
VKO,"Moscow (Vnukovo)","Russie"
GTN,"Mount Cook (Glentan)","Nouvelle Zélande"
MPN,"Mount Pleasant","Falklands"
MUC,"Munich (F. J. Strauss)","Allemagne"
MSR,"Munster (Greven)","Allemagne"
MJV,"Murcie (San Javier)","Espagne"
MMK,"Murmansk","Russie"
MCT,"Muscat (Seeb)","Oman"
JMK,"Mykonos","Grèce"
NAN,"Nadi","Fidji"
NGO,"Nagoya (Komaki)","Japon"
NBO,"Nairobi (Jomo Kenyatta)","Kenya"
WIL,"Nairobi (Wilson)","Kenya"
ENC,"Nancy (Essey)","France"
NTE,"Nantes (Château Bougon)","France"
NAP,"Naples (Capodichino)","Italie"
UAK,"Narssarssuaq","Groenland"
NAS,"Nassau","Bahamas"
NAT,"Natal","Brésil"
NDJ,"N'Djamena","Tchad"
NEW,"New Orleans (Lakefront Airport)","USA"
MSY,"New Orleans (Moisant Field)","USA"
JFK,"New York (John F. Kennedy)","USA"
LGA,"New York (La Guardia Airport)","USA"
NYC,"New York (Metropolitan Area)","USA"
NCL,"Newcastle","Angleterre"
NIM,"Niamey","Niger"
NCE,"Nice (Côte d'Azur)","France"
NIC,"Nicosia","Chypre"
FNI,"Nîmes/Arles (Garons)","France"
NOS,"Nossi Be (Fascene)","Madagascar"
NKC,"Nouakchott","Mauritanie"
NOU,"Noumea (La Tontouta)","Nouvelle Caledonie"
GEA,"Noumea","Nouvelle Caledonie"
NUE,"Nurenberg","Allemagne"
OAK,"Oakland International Airport","USA"
ODE,"Odense (Beldringe)","Danemark"
ODS,"Odessa (Tsentrainy)","Ukraine"
OHD,"Ohrid","Macédoine"
OLB,"Olbia (Costa Smeralda)","Italie"
ZPE,"Onasbruck","Allemagne"
ORN,"Oran (Es Senia)","Algérie"
ORA,"Oran","Algérie"
AUA,"Oranjestad (Queen Beatrix)","Aruba"
DWS,"Orlando (Lake Buena Vista)","USA"
MCO,"Orlando International Airport","USA"
ITM,"Osaka (Itami Airport)","Japon"
KIX,"Osaka (Kansai Airport)","Japon"
OSA,"Osaka (Metropolitan Area)","Japon"
OSS,"Osh","Kyrgyzstan"
FBU,"Oslo (Fornebu)","Norvège"
GEN,"Oslo (Gardermoen)","Norvège"
OSL,"Oslo (Metropolitan Area)","Norvège"
OST,"Ostende","Belgique"
YOW,"Ottawa (Macdonald Cartier)","Canada"
YRO,"Ottawa (Rockcliffe Airport)","Canada"
OUA,"Ouagadougou","Burkina Faso"
OZZ,"Ouarzazate","Maroc"
OUD,"Oujda (Les Angades)","Maroc"
UVE,"Ouvéa","Nouvelle Calédonie"
OVD,"Oviedo (Asturias)","Espagne"
QPA,"Padou","Italie"
PPG,"Pago Pago","Samoa US"
PMO,"Palerme (Punta Raisi)","Italie"
PNA,"Pamplona","Espagne"
PTY,"Panama City (O. Torrijos Herrara)","Panama"
PAC,"Panama City (Paitilla)","Panama"
PPT,"Papeete (Faaa)","Polynésie Française"
PFO,"Paphos (International)","Chypre"
PBM,"Paramaribo (J. A. Pengel)","Suriname"
ORG,"Paramaribo (Zorg en Hoop)","Suriname"
CDG,"Paris (Charles de Gaulle)","France"
LBG,"Paris (Le Bourget)","France"
PAR,"Paris (Metropolian Area)","France"
ORY,"Paris (Orly)","France"
PMF,"Parme","Italie"
PBH,"Paro","Bhoutan"
PAS,"Paros","Grèce"
PYX,"Pattaya","Thaïlande"
PUF,"Pau (Pont Long Uzein)","France"
POL,"Pemba (Porto Amelia)","Mozambique"
PMA,"Pemba Island","Tanzanie"
PEN,"Penang International","Malaisie"
PGX,"Perigueux (Bassillac)","France"
PGF,"Perpignan (Rivesaltes)","France"
PER,"Perth","Australie"
PEW,"Peshawar","Pakistan"
PHW,"Phalaborwa","Afrique du Sud"
PHL,"Philadelphia International Airport","USA"
MUV,"Philadelphie (Mustin ALF)","USA"
PNH,"Phnom Penh (Pochentong)","Cambodge"
PHX,"Phoenix (Sky Harbor International)","USA"
HKT,"Phuket","Thailande"
PSA,"Pise (Galilei)","Italie"
MRU,"Plaisance (S. Ramgoolam)","Maurice"
PDV,"Plovdiv","Bulgarie"
PLH,"Plymouth (Roborough Airport)","Angleterre"
PNI,"Pohnpei International Airport","Micronesia"
PTP,"Pointe a Pitre (Le Raizet)","Guadeloupe"
PNR,"Pointe Noire","Congo"
PIS,"Poitiers (Biard)","France"
PDL,"Ponta Delgada (Sao Miguel)","Açores"
PNK,"Pontianak (Supadio)","Indonésie"
PAP,"Port au Prince","Haïti"
PHC,"Port Harcourt (Omagwa)","Nigeria"
POM,"Port Moresby","Papouasie Nouvelle Guinée"
POS,"Port of Spain (Piarco)","Trinidad et Tobago"
PZU,"Port Soudan","Soudan"
PSY,"Port Stanley","Falklands"
VLI,"Port Vila (Bauerfield)","Vanuatu"
PDX,"Portland International Airport","USA"
OPO,"Porto (Pedras Rubras)","Portugal"
POA,"Porto Alegre (Salgado Filho)","Brésil"
POI,"Potosi (Capitan Nicolas Rojas)","Bolivie"
PRG,"Prague (Ruzyne)","Rép. Tchèque"
RAI,"Praia","Sao Tiago, Cape Verde"
PRI,"Praslin","Seychelles"
PCP,"Principe","Sao Tomé et Principe"
PBC,"Puebla","Mexique"
PEM,"Puerto Maldonado (Padre Aldamiz)","Pérou"
PMC,"Puerto Montt (El Tepual)","Chili"
POP,"Puerto Plata","République Dominicaine"
PPS,"Puerto Princesa International","Philippines"
PVR,"Puerto Vallarta (G. D. Ordaz)","Mexique"
WPU,"Puerto Williams","Chili"
PUJ,"Punta Cana","République Dominicaine"
PUS,"Pusan (Kimhae)","Corée du Sud"
FNJ,"Pyongyang","Corée du Nord"
YQB,"Québec","Qébéc, Canada"
XQP,"Quepos","Costa Rica"
UET,"Quetta","Pakistan"
UIP,"Quimper (Pluguffan)","France"
UIO,"Quito (Mariscal Sucre)","Equateur"
RBA,"Rabat (Sale)","Maroc"
RDU,"Raleigh Durham (Int'l Airport)","USA"
RWP,"Rawalpindi","Pakistan"
REC,"Recife (Guararapes)","Brésil"
RHE,"Reims (Champagne)","France"
RNS,"Rennes (Saint Jacques)","France"
ZRE,"Rethymnon","Grèce"
KEF,"Reykjavik (Keflavik)","Islande"
REK,"Reykjavik","Islande"
RHO,"Rhodes (Diagoras/Maritsa)","Grèce"
RSC,"Riga (Skulte)","Lettonie"
RIX,"Riga (Spilve)","Laettonie"
RJK,"Rijeka","Croatie"
GIG,"Rio de Janeiro (Galeao)","Brésil"
RIO,"Rio de Janeiro (Metropolitan Area)","Brésil"
SDU,"Rio de Janeiro (Santos Dumont)","Brésil"
RUH,"Riyadh (King Khalid)","Arabie Saoudite"
RTB,"Roatan","Honduras"
RDZ,"Rodez","France"
CIA,"Rome (Ciampino)","Italie"
FCO,"Rome (L. de Vinci/Fiumicino)","Italie"
ROM,"Rome (Metropolitan Area)","Italie"
RTM,"Rotterdam","Pays Bas"
URO,"Rouen","France"
RVN,"Rovaniemi","Finlande"
SCN,"Saarbrucken (Ensheim)","Allemagne"
SAB,"Saba","Antilles Néerlandaises"
SBH,"Saint Barthelemy","Guadeloupe"
SBK,"Saint Brieuc","France"
RUN,"Saint Denis (Gillot)","Réunion"
EBU,"Saint Etienne (Boutheon)","France"
XLS,"Saint Louis","Sénégal"
CCE,"Saint Martin (Grand Case)","Guadeloupe"
SID,"Sal (Amilcar Cabral)","Cap Vert"
SLC,"Salt Lake City Internat. Airport","USA"
SSA,"Salvador (Dois de Julho)","Brésil"
SZG,"Salzburg","Autriche"
SKD,"Samarkand","Ouzbékistan"
ADZ,"San Andres Island","Colombie"
NBL,"San Blas","Panama"
BRC,"San Carlos de Bariloche","Argentine"
QSF,"San Francisco (Metropolitan Area)","USA"
SFO,"San Francisco Internat. Airport","USA"
OCO,"San Jose (El Coco)","Costa Rica"
SJO,"San Jose (J. Santamaria)","Costa Rica"
SIG,"San Juan (F. L. Ribas)","Puerto Rico"
SJU,"San Juan (L. Munoz Marin)","Puerto Rico"
SAP,"San Pedro Sula (La Mesa)","Honduras"
SAL,"San Salvador (Internacional)","Salvador"
EAS,"San Sebastian","Espagne"
SAH,"Sana'a (El Rahaba)","Yémen"
VVI,"Santa Cruz (Viru Viru Internat.)","Bolivie"
STM,"Santarem","Brésil"
SCU,"Santiago (Antonio Maceo)","Cuba"
SCQ,"Santiago Compostela (Santiago)","Espagne"
SCL,"Santiago de Chili (A. M. Benitez)","Chili"
ULC,"Santiago de Chili","Chili"
NTO,"Santo Antao","Cape Verde"
SDQ,"Santo Domingo","République Dominicaine"
JTR,"Santorini","Grèce"
SJZ,"Sao Jorge","Açores"
SLZ,"Sao Luis","Brésil"
SNE,"Sao Nicolau","Cap Vert"
CGH,"Sao Paulo (Congonhas)","Brésil"
GRU,"Sao Paulo (Guarulhos)","Brésil"
SAO,"Sao Paulo (Metropolitan Area)","Brésil"
VCP,"Sao Paulo/Campinas (Viracopos)","Brésil"
TMS,"Sao Tome","Sao Tome et Principe"
VXE,"Sao Vicente","Cap Vert"
SPK,"Saporro (Chitose)","Japon"
OKD,"Sapporo (Okadama)","Japon"
ZAZ,"Saragosse","Espagne"
SJJ,"Sarajevo","Bosnie"
ZVK,"Savannakhet","Laos"
BFI,"Seattle (Boeing Field Internat.)","USA"
SEA,"Seattle Tacoma International","USA"
SEL,"Séoul (Kimpo)","Corée du Sud"
SVQ,"Seville (San Pablo)","Espagne"
SFA,"Sfax (Thyna)","Tunisie"
SHA,"Shanghai (Hongqiao)","Chine"
PVG,"Shanghai (Pu Dong)","Chine"
SNN,"Shannon (Limerick)","Irlande"
SHJ,"Sharjah International Airport","EAU"
SSH,"Sharm El Sheikh (Ras Nasrani)","Egypte"
SZX,"Shenzhen","Chine"
SYZ,"Shiraz","Iran"
SII,"Sidi Ifni","Maroc"
REP,"Siem Reap (Angkor)","Cambodge"
SAY,"Siene","Italie"
SIN,"Singapour (Changi Internati)","Singapour"
QPG,"Singapour (Paya Lebar)","Singapour"
SIR,"Sion (Sitten)","Suisse"
SKI,"Skikda","Algérie"
SKU,"Skiros","Grèce"
SKP,"Skopje","Macedoine"
SOF,"Sofia (Vrajdebna)","Bulgarie"
QSO,"Sousse","Tunisie"
SOU,"Southampton (Eastleigh)","Angleterre"
SPU,"Split (Kastel)","Croatie"
STL,"St. Louis International Airport","USA"
MSB,"St. Maarten (Marigot)","Antilles Néerlandaises"
SXM,"St. Maarten (Princ. Juliana)","Antilles Néerlandaises"
QSM,"St. Maarten","Antilles Néerlandaises"
LED,"St. Petersburg (Pulkowo 2)","Russie"
JSZ,"St. Tropez","France"
SVG,"Stavanger (Sola)","Norvège"
SMS,"Ste Marie","Madagascar"
ARN,"Stockholm (Arlanda)","Suède"
BMA,"Stockholm (Bromma)","Suède"
STO,"Stockholm (Metropolitan Area)","Suède"
SXB,"Strasbourg (Entzheim)","France"
STR,"Stuttgart (Echterdingen)","Allemagne"
SRE,"Sucre (J. A. de Padilla)","Bolivie"
SUB,"Surabaya (Juanda)","Indonésie"
SUV,"Suva (Nausori International)","Fidji"
LYR,"Svalbard (Longyearbyen)","Norvège"
SWP,"Swakopmund","Namibie"
RSE,"Sydney (Aurose Bay)","Australie"
SYD,"Sydney (Kingsford Smith)","Australie"
LBH,"Sydney (Palm Beach)","Australie"
TBZ,"Tabriz","Iran"
QTW,"Taejon","Corée du Sud"
TPE,"Taipei (Chiang Kai Shek)","Taiwan"
TSA,"Taipei (Sung Shan)","Taiwan"
TLL,"Tallinn (Yulemiste)","Estonie"
TMR,"Tamanrasset","Algérie"
TMM,"Tamatave","Madagascar"
TMP,"Tampere (Pirkkala)","Finlande"
TNG,"Tanger (Boukhalef)","Maroc"
TAH,"Tanna Island","Vanuatu"
TFR,"Tarbes","France"
QGN,"Tarragona (Reus)","Espagne"
TAS,"Tashkent (Yuzhny)","Ouzbékistan"
TBS,"Tbilisi (Novoalexeyevka)","Georgie"
TGU,"Tegucigalpa (Toncontin)","Honduras"
TLV,"Tel Aviv (Ben Gurion)","Israël"
SDV,"Tel Aviv","Israël"
TFN,"Ténérife (Los Rodeos)","Canaries"
TFS,"Ténérife (Sur Reina Sofia)","Canaries"
TCI,"Ténérife","Canaries"
TER,"Terceira (Aeroporto das Lajes)","Açores"
HTB,"Terre de Bas","Guadeloupe"
THR,"Theran (Qualeh Morgeh Airport)","Iran"
SKG,"Thessalonique (Mikra)","Grèce"
TSR,"Timisoara (Giarmata)","Roumanie"
TOD,"Tioman","Malaisie"
TIA,"Tirana","Albania"
TAB,"Tobago (Scarborough)","Trinidad et Tobago"
HND,"Tokyo (Haneda)","Japon"
TYO,"Tokyo (Metropolitan Area)","Japon"
NRT,"Tokyo (Narita)","Japon"
TLC,"Toluca (A. L. Mateos)","Mexique"
TOM,"Tombouctou","Mali"
YKZ,"Toronto (Buttonville Airfield)","Canada"
YZD,"Toronto (Downsview)","Canada"
YYZ,"Toronto (L. B. Pearson Int'l)","Canada"
YTO,"Toronto (Metropolitan Area)","Canada"
YTZ,"Toronto Island Airport","Canada"
TLN,"Toulon/Hyeres (Le Palyvestre)","France"
TLS,"Toulouse (Blagnac)","France"
TUF,"Tours (Saint Symphorien)","France"
TOE,"Tozeur (Nefta)","Tunisie"
TSF,"Trévise (S. Angelo)","Italie"
TRS,"Trieste (Ronchi dei Legionari)","Italie"
TDD,"Trinidad","Bolivie"
TIP,"Tripoli (Idris)","Libye"
TRV,"Trivandrum (International)","Inde"
YRQ,"Trois Rivieres","Canada"
TRD,"Trondheim (Vaernes)","Norvège"
TRU,"Trujillo","Pérou"
TLE,"Tulear","Madagascar"
TUN,"Tunis (Carthage Airport)","Tunisie"
TRN,"Turin (Caselle)","Italie"
TKU,"Turku","Finlande"
UDR,"Udaipur","Inde"
UPG,"Ujung Pandang (Hasanuddin)","Indonésie"
ULN,"Ulan Bator","Mongolia"
UUD,"Ulan Ude (Mukhino)","Russie"
URC,"Urumqi (Diwopu)","Chine"
USH,"Ushuaia","Argentine"
UII,"Utila Island","Honduras"
VLC,"Valencia","Espagne"
VLL,"Valladolid","Espagne"
VAP,"Valparaiso","Chili"
VAN,"Van","Turquie"
YDT,"Vancouver (Boundary Bay)","Canada"
CXH,"Vancouver (Coal Harbour)","Canada"
YBD,"Vancouver (New Westminster)","Canada"
YVR,"Vancouver Internat. Airport","Canada"
VRA,"Varadero","Cuba"
VNS,"Varanasi","Inde"
VAR,"Varna","Bulgarie"
WAW,"Varsovie (Okecie)","Pologne"
VCE,"Venise (Marco Polo)","Italie"
VER,"Veracruz (General H. Jara)","Mexique"
VRN,"Verone (Villafranca)","Italie"
VFA,"Victoria Falls","Zimbabwe"
VIE,"Vienne (Schwechat)","Autriche"
VTE,"Vientiane (Wattay)","Laos"
VGO,"Vigo","Espagne"
VNO,"Vilnius","Lituanie"
VIT,"Vitoria","Espagne"
VVO,"Vladivostok","Russie"
WHF,"Wadi Halfa","Soudan"
WLS,"Wallis (Hihifo)","Wallis et Futuna"
WVB,"Walvis Bay","Namibia"
DCY,"Washington (Daviess County)","USA"
WAS,"Washington (Metropolitan Area)","USA"
OCW,"Washington (Warren Field)","USA"
IAD,"Washington Dulles International","USA"
AWG,"Washington Municipal Airport","USA"
DCA,"Washington National Airport","USA"
WLG,"Wellington","Nouvelle Zélande"
ERS,"Windhoek (Eros)","Namibie"
YWG,"Winnipeg Internat. Airport","Canada"
WRO,"Wroclaw","Pologne"
SIA,"Xian (Xiguan Airport)","Chine"
RGN,"Yangoon (Mingaladon)","Myanmar"
NSI,"Yaounde (Nsimalen Internat.)","Cameroun"
YAO,"Yaoundé (Nsimalen Internat.)","Cameroun"
EVN,"Yerevan (Zvartnots)","Armenie"
JOG,"Yogyakarta (Adisucipto)","Indonésie"
YOK,"Yokohama","Japon"
ZAD,"Zadar","Croatie"
ZAG,"Zagreb (Pleso)","Croatie"
BBZ,"Zambezi","Zambie"
ZAM,"Zamboanga International","Philippines"
ZNZ,"Zanzibar","Tanzanie"
CGO,"Zhengzhou","Chine"
ZIG,"Ziguinchor","Sénégal"
ZND,"Zinder","Niger"
ZRH,"Zurich (Zürich Kloten)","Suisse"
INU,"Nauru International","Nauru"
PMI,"Palma de Mallorca","Baléares"
WDH,"Windhoek (J. G. Strijdom Inter.)","Namibia"
