A.Dieye,56,14,3
Abattoirs 1,28,2,1
Abattoirs 2,28,2,1
Abattoirs 3,28,2,1
Abdou Bass,56,14,3
Abdou Ka,7,12,4
Abdou Ndiaye,7,12,4
Abdou Samb,50,12,4
Abdoulaye Seck,56,14,3
Ablaye Ndiaye,56,14,3
Aby Sène (Ben Baraque 2),55,14,3
Adama Thioub,55,14,3
Air Afrique,57,1,1
Air France,57,1,1
Air Sénégal,57,1,1
Alassane Mbow,56,14,3
Alia Diène,57,1,1
Aliou Diallo,24,5,3
Aliou Gadiaga,30,13,2
Aliou Ndiaye,24,5,3
Alioune Gadiaga,25,6,3
Alioune Ndiaye,25,6,3
Alioune Sène,25,6,3
Almadies Keur Massar,23,6,3
Almadies,31,1,1
Alminko,53,13,2
Alpha Ndiaye,55,14,3
Alwar,40,9,5
Aly Camara,36,8,4
Aly Ngoné,10,8,4
Ama Wone,53,13,2
Amitié 1,11,2,1
Angle Mousse,53,13,2
Arafat / Semou,44,10,2
Arafat 1,40,9,5
Arafat 2,40,9,5
Arafat 3,40,9,5
Arafat,15,7,1
Arafat,23,6,3
Arafat,24,5,3
Arafat,7,12,4
Arouna Sall,27,13,2
Asecna,55,14,3
Assane Diop,53,13,2
Aïnoumady 3,55,14,3
Aïnoumady 4,55,14,3
Aïnoumady 5,55,14,3
Aïnoumady,24,5,3
Aïnoumady,7,12,4
Aïnoumane 1,36,8,4
Aïnoumane 2,10,8,4
Aïnoumane 2,19,8,4
Aïnoumane 2,36,8,4
Aïnoumane 3,10,8,4
Aïnoumane,10,8,4
Aïnoumane,19,8,4
Aïnoumane,41,9,5
Bagdad 1,10,8,4
Bagdad,10,8,4
Ballon (Terme Sud),32,1,1
Bamba Diallo,55,14,3
Bambylor,45,11,5
Bara Faye,55,14,3
Barrage (Penthior),54,3,5
Baye Laye,53,13,2
Baye s. Dieng,56,14,3
Bceao Océan,57,1,1
Belvédère 2,6,8,4
Belvédère Assurances,6,8,4
Belvédère,6,8,4
Ben Baraque 1 (Ibou Kébé),55,14,3
Ben Baraque 4,55,14,3
Beuno Ba,52,11,5
Birane Niang,50,12,4
Biscuiterie 1A,3,4,1
Biscuiterie 1C,3,4,1
Biscuiterie 5,3,4,1
Biscuiterie Touba,3,4,1
Bopp,3,4,1
Boulga,32,1,1
Boune,23,6,3
Boune,56,14,3
Cambérène 2,4,7,1
Capec,26,12,4
Castor Sotrac Ouest,23,6,3
Castors 1,9,4,1
Castors 2,9,4,1
Castors 3,9,4,1
Cayor,4,7,1
Centenaire,28,2,1
Cerf Volant,14,4,1
Champs de Courses,27,13,2
Champs de Courses,40,9,5
Champs de Courses,35,8,4
Chantier Dalifort,6,8,4
Cheikh Diaw,24,5,3
Cheikh Gueye,56,14,3
Cheikh Kébé,44,10,2
Cheikh Ndao,56,14,3
Cheikh Ngom,53,13,2
Cheikh Samb,44,10,2
Cheikh Sarr,27,13,2
Cheikh Wade,30,13,2
Cité 1,2,0,5
Cité 2,2,0,5
Cité 2,37,8,4
Cité 3,35,8,4
Cité Adama Diop,44,10,2
Cité Ady Niang,20,4,1
Cité Air Afrique,53,13,2
Cité Apecsy (Yoff Extension),57,1,1
Cité Asecna 1,32,1,1
Cité Asecna 2,32,1,1
Cité Asecna Castors,32,1,1
Cité Asecna,42,9,5
Cité Asecna,57,1,1
Cité Asecna,6,8,4
Cité Assemblée,32,1,1
Cité Atepa Mill,12,10,2
Cité Azur 1,57,1,1
Cité Azur 2,57,1,1
Cité Azur 3,57,1,1
Cité Bara Mboup,57,1,1
Cité Barry et Ly,44,10,2
Cité Bastos 1,15,7,1
Cité Bata,42,9,5
Cité Batisse,6,8,4
Cité Bceao 1,57,1,1
Cité Bceao,34,7,1
Cité Bceao,57,1,1
Cité Bellevue,20,4,1
Cité Biagui,53,13,2
Cité Biagui,57,1,1
Cité Castors 3,2,0,5
Cité Castors,40,9,5
Cité CDE,57,1,1
Cité Cheikh Ahmadou Bamba,3,4,1
Cité Comico,53,13,2
Cité Conachap,26,12,4
Cité Cours Suprême,53,13,2
Cité CPI,15,7,1
Cité CSE,15,7,1
Cité Darou Salam,6,8,4
Cité des Assureurs,6,8,4
Cité des Eaux et Forêts,6,8,4
Cité des Eaux,21,4,1
Cité des Forces Armées,6,8,4
Cité Diack Sao,57,1,1
Cité Diokoul Gabon,42,9,5
Cité Diounkhop,44,10,2
Cité Djily Mbaye,57,1,1
Cité Douane,4,7,1
Cité Dubaï,22,5,3
Cité Elevage,9,4,1
Cité Elizabeth Diouf,20,4,1
Cité Enseignant,12,10,2
Cité Enseignement Supérieur,32,1,1
Cité Fadia,12,10,2
Cité Famara Ibrahima Sagna,50,12,4
Cité Faycal,12,10,2
Cité Filao,42,9,5
Cité Gendarmerie,22,5,3
Cité Gendarmerie,42,9,5 
Cité Géographie,9,4,1
Cité Gia,9,4,1
Cité Hacienda,6,8,4
Cité Hilal,6,8,4
Cité Icotaf 1,37,8,4
Cité Imorama,20,4,1
Cité Impôts et Domaine,34,7,1
Cité Isra,20,4,1
Cité Isra,50,12,4
Cité Keretou,15,7,1
Cité Keur Damel,34,7,1
Cité Keur Khadim 1,15,7,1
Cité Keur Khadim 2,15,7,1
Cité Keuri Yarakh,20,4,1
Cité Libass Niang,15,7,1
Cité Lobatt Fall,37,8,4
Cité Magistrat,32,1,1
Cité Mame Dior,24,5,3
Cité Mame Sira,26,12,4
Cité Mandela,7,12,4
Cité Marguery,9,4,1
Cité Marinas,20,4,1
Cité Marine 3,6,8,4
Cité Marine,6,8,4
Cité Marine,9,4,1
Cité Millionnaire,15,7,1
Cité Millionnaire,42,9,5
Cité Millionnaire,7,12,4
Cité Mimram Cbao,23,6,3
Cité Minière,9,4,1
Cité Nations-Unies,4,7,1
Cité Ndar,3,4,1
Cité Ndeye Marie,26,12,4
Cité Ousmane Diop,15,7,1
Cité Palene,57,1,1
Cité Pépinière,35,8,4
Cité Port,21,4,1
Cité Poste,57,1,1
Cité Prestation,9,4,1
Cité Rochette,49,12,4
Cité Rondon,53,13,2
Cité Sabe,7,12,4
Cité Samba Kane,26,12,4
Cité Sandial,20,4,1
Cité Sapi,50,12,4
Cité Sar,50,12,4
Cité Sar,53,13,2
Cité Scat Urbam Mariste,20,4,1
Cité Scat Urbam,15,7,1
Cité SDE,53,13,2
Cité Senelec,53,13,2
Cité Sentenac,53,13,2
Cité Sepco 2,50,12,4
Cité Shelter,15,7,1
Cité SHS,12,10,2
Cité Sicap,15,7,1
Cité Sipres 2,15,7,1
Cité Sipres 5,26,12,4
Cité Soboa,7,12,4
Cité Socabel,42,9,5
Cité Sodalo,57,1,1
Cité Sofraco,53,13,2
Cité Soleil,6,8,4
Cité Som,20,4,1
Cité Sonatel 1,15,7,1
Cité Sonatel 2,15,7,1
Cité Sonatel 3,15,7,1
Cité Sonatel,25,6,3
Cité Sonatel,42,9,5
Cité Sonatel,57,1,1
Cité Soprim 1,34,7,1
Cité Sores,53,13,2
Cité Sotiba,37,8,4
Cité Sotrac,24,5,3
Cité Sotrac,55,14,3
Cité Sotrac,7,12,4
Cité Stag,35,8,4
Cité Terranga,22,5,3
Cité Trésor,53,13,2
Cité Urbanisme et Habitat,32,1,1
Cocotiers,35,8,4
Colobane 1 Nord,40,9,5
Colobane 1 Bis,40,9,5
Colobane 2 Sud,40,9,5
Colobane 2,36,8,4
Colobane Arafat,36,8,4
Colobane Hock Pinth,17,2,1
Colobane Hock,17,2,1
Colobane Lansar 2,36,8,4
Colobane Lansar,36,8,4
Colobane Niangore,37,8,4
Colobane TSF,17,2,1
Colobane,17,2,1
Comeci,29,1,1
Comico,29,1,1
Comico,32,1,1
Conachap,15,7,1
Crédit Foncier,37,8,4
Daaray Kaamil,23,6,3
Dangou Nord,41,9,5
Dangou Sud,41,9,5
Daouda Dioum,56,14,3
Daouda Mbaye,55,14,3
Daouda Mbaye,56,14,3
Darou 1,2,0,5
Darou 2,2,0,5
Darou Houmane 2 (rte de Boune),56,14,3
Darou Kamor,24,5,3
Darou Khoudoss,36,8,4
Darou Khoudoss,53,13,2
Darou Marnane 1,19,8,4
Darou Marnane 2,19,8,4
Darou Marnane 4,19,8,4
Darou Minam,54,3,5
Darou Minam,7,12,4
Darou Missette,23,6,3
Darou Nahim,19,8,4
Darou Niangore,37,8,4
Darou Rahmane 1,55,14,3
Darou Rahmane 2,10,8,4
Darou Rahmane 2,55,14,3
Darou Rahmane,15,7,1
Darou Rahmane,7,12,4
Darou Rahmaty 2,18,8,4
Darou Salam 1 (baka Ndao),55,14,3
Darou Salam 1,18,8,4
Darou Salam 1,19,8,4
Darou Salam 1,44,10,2
Darou Salam 1,49,12,4
Darou Salam 1,55,14,3
Darou Salam 2 Bis,18,8,4
Darou Salam 2,10,8,4
Darou Salam 2,18,8,4
Darou Salam 2,37,8,4
Darou Salam 2,44,10,2
Darou Salam 2,55,14,3
Darou Salam 2,7,12,4
Darou Salam 3,37,8,4
Darou Salam 3,55,14,3
Darou Salam 4,55,14,3
Darou Salam 5,55,14,3
Darou Salam 6,55,14,3
Darou Salam Extension,23,6,3
Darou Salam,23,6,3
Darou Salam,37,8,4
Darou Salam,39,2,1
Darou Salam,48,3,5
Darou Salam,55,14,3
Darou Salam,7,12,4
Darou,37,8,4
Darou,41,9,5
Daroukhane 1,53,13,2
Daroukhane 2,53,13,2
Daroukhane,53,13,2
Daroulaye,10,8,4
Deggo,4,7,1
Demba Coumba Mbaye,18,8,4
Demba Dème,56,14,3
Demba Dioum,56,14,3
Demba Seck,56,14,3
Demba Sow,27,13,2
Deny Babacar Diop,8,3,5
Deny Biram Ndao Nord,45,11,5
Deny Biram Ndao Sud,45,11,5
Deny Demba Codou,8,3,5
Deny Diakhirate,8,3,5
Deny Guedj,45,11,5
Deny Guedj Nord,52,11,5
Deny Malick Gueye,8,3,5
Deny Youssou,8,3,5
Derklé 2,9,4,1
Derklé Darou Salam,9,4,1
Diacksao 1,23,6,3
Diacksao 1,51,12,4
Diacksao 1,7,12,4
Diacksao 2,23,6,3
Diacksao 2,51,12,4
Diacksao 2,7,12,4
Diacksao Fass,36,8,4
Diacksao,7,12,4
Diamaguène 2,37,8,4
Diamaguène,7,12,4
Diamalaye 1,57,1,1
Diamalaye 2,57,1,1
Diamalaye 3,57,1,1
Diamalaye,55,14,3
Diamniadio,8,3,5
Diecko Nord,28,2,1
Diecko Sud,28,2,1
Diecko,39,2,1
Diégane Sène,56,14,3
Dieuppeul 1,9,4,1
Dieuppeul 2,9,4,1
Dieuppeul 3,9,4,1
Dieuppeul 4,9,4,1
Dinguiraye,23,6,3
Diokoul Kaw,42,9,5
Diokoul Kher 1,42,9,5
Diokoul Ndiayène,42,9,5
Diokoul Ndiourène,42,9,5
Diokoul Wagué,42,9,5
Diorga Cherif,41,9,5
djibril Leye,56,14,3
djibril Sarr,37,8,4
djiby Mboup,55,14,3
djiby Ngaido,27,13,2
Djiddah 1,15,7,1
Djiddah 2,15,7,1
Djiddah Nguélaw,3,4,1
Djiddah 1,10,8,4
Djiddah 1,56,14,3
Djiddah 2,10,8,4
Djiddah 2,56,14,3
Dogo Dramé,56,14,3
Doro Aw,44,10,2
Doudou Gueye,10,8,4
Doudou Kébé,25,6,3
Doudou Sarr (Darou Khoudoss),19,8,4
Dougar 1,8,3,5
Dougar 2,8,3,5
Dougar Ouest (Mbounka Sérère),8,3,5
Dougar Peulh,8,3,5
El Hadji Malick Sy,19,8,4
Elimane Dia,50,12,4
Emetteur,22,5,3
Fann Résidence,11,2,1
Fass 1,49,12,4
Fass 1,55,14,3
Fass 2,10,8,4
Fass 2,49,12,4
Fass 4,10,8,4
Fass Batiment,17,2,1
Fass Casier,17,2,1
Fass Cocotiers,26,12,4
Fass Delorme,17,2,1
Fass Grand Mbao,26,12,4
Fass Marigot 1,36,8,4
Fass Marigot 2,36,8,4
Fass Mbao,7,12,4
Fass Ndoyène Kaw,26,12,4
Fass Ndoyène,26,12,4
Fass Noflaye,41,9,5
Fass Paillotte,17,2,1
Fass Thiaroye,50,12,4
Fass,15,7,1
Fass,23,6,3
Fenêtre Mermoz,29,1,1
Feu A. Bass,56,14,3
Firdawsi,23,6,3
Fith Mith,12,10,2
Fith Mith,28,2,1
Forail,6,8,4
Fougerolle,15,7,1
Front de Terre,15,7,1
Gandiol,55,14,3
Gazelle,15,7,1
Gazelle,37,8,4
Gibraltar 1,44,10,2
Gibraltar 2,44,10,2
Gola,8,3,5
Golf Nord 1,44,10,2
Golf Nord 2,44,10,2
Golf Sud,12,10,2
Gora Ndiaye,56,14,3
Gora Sall,56,14,3
Gorée,13,0,1
Gorom 1,45,11,5
Gorom 2,45,11,5
Gorom 3,45,11,5
Gouney Zing,37,8,4
Gouye Aldiana,41,9,5
Gouye Daga,2,0,5
Gouye Dioulancar,2,0,5
Gouye Fatou Maïga,10,8,4
Gouye Mariama Lahiene,28,2,1
Gouye Mariama Pinth,28,2,1
Gouye Mouride,40,9,5
Gouye Salane 1,10,8,4
Gouye Salane 2,10,8,4
Gouye Salane,28,2,1
Gouye Salane,39,2,1
Gouye Sor,32,1,1
Gouye Tann,28,2,1
Grand Dakar 10,3,4,1
Grand Dakar 11,3,4,1
Grand Dakar 1A,14,4,1
Grand Dakar 1B,14,4,1
Grand Dakar 2,14,4,1
Grand Dakar 3,14,4,1
Grand Dakar 4,14,4,1
Grand Dakar 5,14,4,1
Grand Dakar 6,14,4,1
Grand Dakar 7,14,4,1
Grand Dakar 8,14,4,1
Grand Dakar 9,14,4,1
Grand Médine,24,5,3
Grand Médine,34,7,1
Grand Ngor,31,1,1
Grand Thiaroye 1,18,8,4
Grand Thiaroye 5,18,8,4
Grand Thiaroye 2,18,8,4
Guendel 1,42,9,5
Guendel 2 Bis,41,9,5
Guendel 3 Bis,41,9,5
Guendel 4,41,9,5
Guentaba,12,10,2
Guenth,48,3,5
Gueule Tapée 1,17,2,1
Gueule Tapée 2,17,2,1
Gueule Tapée 4,17,2,1
Gueule Tapée,36,8,4
Gueule Tapée,44,10,2
Hafia 1,56,14,3
Hafia 2,56,14,3
Hafia 3,55,14,3
Hafia 3,56,14,3
Hafia 4,56,14,3
Hafia 5,56,14,3
Hafia 6,55,14,3
Hafia,56,14,3
Hal Poular,55,14,3
Hamdallah 1,49,12,4
Hamdallah 1A,10,8,4
Hamdallah 1B,10,8,4
Hamdallah 2,10,8,4
Hamdallah 3,49,12,4
Hamdallah 4,49,12,4
Hamdallah,49,12,4
Hamdallaye 1,7,12,4
Hamdallaye 2,7,12,4
Hamdallaye 4,7,12,4
Hamdallaye 5,7,12,4
Hamdallaye 2,24,5,3
Hamdallaye 5 (Ndiogou Guene),7,12,4
Hamet Sow,27,13,2
Hamo 1,12,10,2
Hamo 2,12,10,2
Hamo 3,12,10,2
Hamo 4,30,13,2
Hamo 5,30,13,2
Hamo 6,30,13,2
Hamo Grand Yoff,15,7,1
Hann 3,20,4,1
Hann Dalifort,6,8,4
Hann Equipe,20,4,1
Hann Gang,20,4,1
Hann Marigot,20,4,1
Hann Mariste,20,4,1
Hann Montagne 1,20,4,1
Hann Montagne 5,20,4,1
Hann Montagne 6,20,4,1
Hann Plage,20,4,1
Hann Yene,20,4,1
HLM 1,21,4,1
HLM 2,21,4,1
HLM 3,21,4,1
HLM 4,21,4,1
HLM 5,21,4,1
HLM Angle Mousse,21,4,1
HLM Builders Patte d'Oie,34,7,1
HLM Fass,17,2,1
HLM Gibraltar 1,28,2,1
HLM Gibraltar 2,28,2,1
HLM Gibraltar 3,28,2,1
HLM Grand Médine,33,7,1
HLM Grand Yoff,15,7,1
HLM Las Palmas,12,10,2
HLM Mariste,20,4,1
HLM Montagne,21,4,1
HLM Nimzatt,21,4,1
HLM Paris,12,10,2
HLM Patte d'Oie,15,7,1
HLM,42,9,5
Hock sans Fils,39,2,1
Housna,23,6,3
Iba Ndiaye,25,6,3
Ibou Ndoye,10,8,4
Ibra Ndao,50,12,4
Ibra Ngom,50,12,4
Islam,4,7,1
Issa Mbengue,19,8,4
Jardin Cambérène,12,10,2
Kakhane Fall,8,3,5
Karim Sarr,4,7,1
Kawsara,23,6,3
Kawsara,4,7,1
Kawsara,53,13,2
kaye Ousmane Diène,28,2,1
Kayes Biscuiterie,3,4,1
Kayes Findiw,39,2,1
Kelle,54,3,5
Keri Kaw,48,3,5
Keur Baka,24,5,3
Keur Daouda Sarr,45,11,5
Keur Djitté,50,12,4
Keur El Hadj Pathé,24,5,3
Keur Goumack,4,7,1
Keur Marème Mbengue,52,11,5
Keur Massar Centre,23,6,3
Keur Mbaye Fall,26,12,4
Keur Ndiaye Lô,45,11,5
Keur Ngor,20,4,1
Keur Yalla,23,6,3
Keuri Kaw,40,9,5
Keuri Souf,40,9,5
Khaira,23,6,3
Khar Yalla (Khoss),45,11,5
Khar Yalla 2,15,7,1
Khar Yalla,15,7,1
Khaïra,55,14,3
Khourounar,37,8,4
Kip Carrière,2,0,5
Kip-Kip,48,3,5
Kipp Coco,53,13,2
Kounoune,45,11,5
Kourka PCL,45,11,5
Kouthane Sérère,48,3,5
Lahiene,57,1,1
Lansar,10,8,4
Lansar,51,12,4
Laye Djitté,50,12,4
Layène (Assane Ndiaye),56,14,3
Layène,2,0,5
Layène,49,12,4
Layène,56,14,3
layène,23,6,3
Lebougui,20,4,1
Leona 1,10,8,4
Leona 2,10,8,4
Leona 3,10,8,4 
Leona Valda,42,9,5
Leona,10,8,4
Leona,15,7,1
Leona,32,1,1
Leona,40,9,5
Leona,41,9,5
Liberté 1,47,4,1
Liberté 2,47,4,1
Liberté 3,47,4,1
Liberté 4,47,4,1
Liberté 5,47,4,1
Liberté 5/C,9,4,1
Liberté 6 Extension (Cité Baraka),47,4,1
Liberté 6 Extension,15,7,1
Liberté 6 Extension,47,4,1
Liberté 6,47,4,1
Lobatt Fall,53,13,2
Lonase,57,1,1
Macoumba Sylla,50,12,4
Madiama Faye,50,12,4
Madieng Khary Dieng,53,13,2
Madiyana,22,5,3
Maguette Diop,50,12,4
Maguette Fall,10,8,4
Maka 1,15,7,1
Maka 2,15,7,1
Maka Colobane 1,37,8,4
Maka Colobane,37,8,4
Makhfouz Badji,55,14,3
Malika 2,24,5,3
Malika Montagne,24,5,3
Malika Sud,55,14,3
Malika sur Mer,25,6,3
Mamadou Diop,56,14,3
Mamadou Gaye,10,8,4
Mamadou Gueye,56,14,3
Mamadou Sow,25,6,3
Mame Diop,27,13,2
Mame Niang,56,14,3
Mame Rane,57,1,1
Mamou Sy,27,13,2
Mandiaye Diop,50,12,4
Macoumba Leye,56,14,3
Marigot,36,8,4
Marnane,2,0,5
Matar Niang,50,12,4
Mbacke Coly,55,14,3
Mbane,4,7,1
Mbargou,56,14,3
Mbat Ngom,55,14,3
Mbatal,50,12,4
Mbaye Fall (Nimzatt 1),53,13,2
Mbenguène,57,1,1
Mbeukeunda,28,2,1
Mbeuth,45,11,5
Mbèye,45,11,5
Mbodd 1,44,10,2
Mbodd 2,44,10,2
Mbodd 3,44,10,2
Mbodd 4,44,10,2
Mbodd 5,44,10,2
Mbodd 6,44,10,2
Mboth Kaw,2,0,5
Mboth,39,2,1
Mboty Pom,17,2,1
Mboul,32,1,1
Mbounka Bambara,8,3,5
Médina 1,26,12,4
Médina 2,26,12,4
Médina 2,56,14,3
Médina 4,10,8,4
Médina 5,10,8,4
Médina Asecna,55,14,3
Médina Fass 2,7,12,4
Médina Fass Mbao,7,12,4
Médina Gounass (Aliou Fall),27,13,2
Médina Gounass 1,10,8,4
Médina Gounass,10,8,4
Médina Kelle,24,5,3
Médina Maréna,51,12,4
Médina Mbao Gare,26,12,4
Médina Ndiobène,26,12,4
Médina Peulh 1,25,6,3
Médina Peulh 2,25,6,3
Médina Salam,24,5,3
Médina Salam,56,14,3
Médina Thiaroye 4,10,8,4
Médina Thiaroye Kaw 1,56,14,3
Médina Thiaroye Kaw 2,56,14,3
Médina Thiaroye Kaw 3,56,14,3
Médina Thioub (Darou Thioub),45,11,5
Médina,36,8,4
Médinatoul Mounawara,23,6,3
Médinatoul Mounawara,2,0,5
Médinatoul Mounawara,10,8,4
Médinatoul Mounawara,18,8,4
Médinatoul Mounawara,56,14,3
Médinatoul Mounawara,7,12,4
Médinatoul Rassoul,23,6,3
Médine,4,7,1
Médine,42,9,5
Mérina 1,32,1,1
Mérina 2,32,1,1
Mérina,40,9,5
Messeré,10,8,4
Miname 1,10,8,4
Miname 2,10,8,4
Miname 2,56,14,3
Missirah,2,0,5
Missirah Colobane 2,36,8,4
Missirah Colobane,36,8,4
Missirah Colobane,37,8,4
Missirah Diamaguène,7,12,4
Missirah Wakhaldiam,37,8,4
Missirah,15,7,1
Mody Kébé,25,6,3
Montagne Daaradji,23,6,3
Mor Diop,55,14,3
Mor Mbaye,19,8,4
Mor Sall,53,13,2
Mousdalifa,15,7,1
Mousdalifa,19,8,4
Mousdalifa,7,12,4
Mousdalifa 1,10,8,4
Mousdalifa 2,10,8,4
Mousdalifa 3,10,8,4
Moussa Diamé,7,12,4
Moussa Diop,55,14,3
Moussa Hann,10,8,4
Moussa Ndiaye,7,12,4
Moussa Sall,55,14,3
Moustapha Mboup,7,12,4
Municipaux,6,8,4
Nassouroulahi,7,12,4
Nassouroulaye 2,7,12,4
Ndagou Ndone,57,1,1
Ndaldaly,2,0,5
Ndargou Ndao,41,9,5
Ndenate,57,1,1
Ndeugagne,57,1,1
Ndeunkou,42,9,5
Ndiadia 1,2,0,5
Ndiadia 2,2,0,5
Ndiaga Samb 1,2,0,5
Ndiaga Samb 2,2,0,5
Ndiakhate Ndiaye,50,12,4
Ndiakhirat Digue (Ndiassane),45,11,5
Ndiakhirat Ndiobène (Noflaye),45,11,5
Ndiambour,4,7,1
Ndianguène,2,0,5
Ndiayène Guedj,2,0,5
Ndiayène,2,0,5
Ndiayène,24,5,3
Ndiobène,53,13,2
Ndiolmane,2,0,5
Ndiougouye,45,11,5
Nditakh,54,3,5
Ndoukhoura Peulh,8,3,5
Ndoukhoura Wolof,54,3,5
Ndoyène 1,8,3,5
Ndoyène,26,12,4
Nema,55,14,3
Ngaparou,57,1,1
Ngarraf,28,2,1
Ngessou,42,9,5
Ngor Méridien,31,1,1
Ngoude Baye,2,0,5
Ngounou,2,0,5
Niacourab,45,11,5
Niaga Peulh,52,11,5
Niaga Wolof,52,11,5
Niakan,22,5,3
Nianghal,54,3,5
Niass Fass,24,5,3
Niaye Ndiobène,24,5,3
Niaye Ndiorane,23,6,3
Niayes Thioker,39,2,1
Nietty Mbar,10,8,4
Nimzatt 1,30,13,2
Nimzatt 1,36,8,4
Nimzatt 2,30,13,2
Nimzatt 2,35,8,4
Nimzatt 2,36,8,4
Nimzatt 3,30,13,2
Nimzatt Tapito,30,13,2
Nimzatt Zing,36,8,4
Nimzatt,41,9,5
Notaire,44,10,2
Oryx,50,12,4
Ouagou Niayes 1,3,4,1
Ouagou Niayes 2,3,4,1
Oumar Dia,10,8,4
Oumar Diakhate,56,14,3
Oumar Yade,55,14,3
Oumar Yade,56,14,3
Ousmane Diouf,7,12,4
Ousmane Faye,55,14,3
Ousmane Sall (Ben Baraque 3),55,14,3
Parc à Fourage,39,2,1
Parc Lambaye,6,8,4
Parcelles Assainies Unité 1,12,10,2
Parcelles Assainies Unité 1,22,5,3
Parcelles Assainies Unité 10,22,5,3
Parcelles Assainies Unité 10,33,7,1
Parcelles Assainies Unité 11,33,7,1
Parcelles Assainies Unité 11A,22,5,3
Parcelles Assainies Unité 11B,22,5,3
Parcelles Assainies Unité 11PA,22,5,3
Parcelles Assainies Unité 12,22,5,3
Parcelles Assainies Unité 12,33,7,1
Parcelles Assainies Unité 12A,22,5,3
Parcelles Assainies Unité 13,22,5,3
Parcelles Assainies Unité 13,33,7,1
Parcelles Assainies Unité 14,22,5,3
Parcelles Assainies Unité 14,33,7,1
Parcelles Assainies Unité 15,22,5,3
Parcelles Assainies Unité 15,33,7,1
Parcelles Assainies Unité 16,22,5,3
Parcelles Assainies Unité 16,33,7,1
Parcelles Assainies Unité 17,33,7,1
Parcelles Assainies Unité 17A,22,5,3
Parcelles Assainies Unité 17B,22,5,3
Parcelles Assainies Unité 18,22,5,3
Parcelles Assainies Unité 18,33,7,1
Parcelles Assainies Unité 19,22,5,3
Parcelles Assainies Unité 19,33,7,1
Parcelles Assainies Unité 2,12,10,2
Parcelles Assainies Unité 2,22,5,3
Parcelles Assainies Unité 20,22,5,3
Parcelles Assainies Unité 20,33,7,1
Parcelles Assainies Unité 21,22,5,3
Parcelles Assainies Unité 21,33,7,1
Parcelles Assainies Unité 22,22,5,3
Parcelles Assainies Unité 22,33,7,1
Parcelles Assainies Unité 23,22,5,3
Parcelles Assainies Unité 24,22,5,3
Parcelles Assainies Unité 24,33,7,1
Parcelles Assainies Unité 25,22,5,3
Parcelles Assainies Unité 25,33,7,1
Parcelles Assainies Unité 26,22,5,3
Parcelles Assainies Unité 26,33,7,1
Parcelles Assainies Unité 27,22,5,3
Parcelles Assainies Unité 3,12,10,2
Parcelles Assainies Unité 3,22,5,3
Parcelles Assainies Unité 4,12,10,2
Parcelles Assainies Unité 4,22,5,3
Parcelles Assainies Unité 5,12,10,2
Parcelles Assainies Unité 5,22,5,3
Parcelles Assainies Unité 6,12,10,2
Parcelles Assainies Unité 6,22,5,3
Parcelles Assainies Unité 7,22,5,3
Parcelles Assainies Unité 7,33,7,1
Parcelles Assainies Unité 8,22,5,3
Parcelles Assainies Unité 8,33,7,1
Parcelles Assainies Unité 9,22,5,3
Parcelles Assainies Unité 9,33,7,1
Pathé Thiam,55,14,3
Penthie Bada Lô,6,8,4
Petersen,39,2,1
Petit Mbao,26,12,4
Petit ngor,31,1,1
Peulga,23,6,3
Peulga,4,7,1
Pikine Bougoule,49,12,4
Plateau,39,2,1
Point E,11,2,1
Potou,8,3,5
Pouyène,40,9,5
Pyrotechnique,44,10,2
Quartier Diola,48,3,5
Quartier Ndoyène,48,3,5
Quebed,44,10,2
Rahim Diagne,51,12,4
Rasmission,39,2,1
Rebeuss 1,39,2,1
Rebeuss 2 (Rebeuss Mosquée),39,2,1
Rebeuss 3,39,2,1
Rhanrhan,57,1,1
Rip,32,1,1
Roukhou Djiné,39,2,1
S.N.Tall,56,14,3
Sacré-Coeur 3,47,4,1
Sagef,57,1,1
Saliou Thiaw,19,8,4
Sam 1,18,8,4
Sam 2,18,8,4
Sam 2,19,8,4
Sam 2,25,6,3
Sam Colobane 1,36,8,4
Sam Colobane,36,8,4
Sam Sam 1,7,12,4
Sam Sam 2,10,8,4
Sam Sam 2,7,12,4
Sam Sam 3,56,14,3
Sam Sam 3,7,12,4
Sam Sam,23,6,3
Sam,44,10,2
Samba Dramé,51,12,4
Samba Dramé,7,12,4
Samba Gueye,55,14,3
Samba Niang,19,8,4
Samba Sy,7,12,4
Sandial,39,2,1
Sangalkam,45,11,5
Sangomar,18,8,4
Santa Yalla Boune,23,6,3
Santa Yalla,23,6,3
Sante Yalla,10,8,4
Sante Yalla,19,8,4
Sante Yalla,41,9,5
Santhiaba Kawsara,25,6,3
Santhiaba Ndiobène,41,9,5
Santhiaba Wagué,41,9,5
Santhiaba,15,7,1
Santhiaba,23,6,3
Santhiaba,28,2,1
Santhiaba,56,14,3
Santhie,20,4,1
Santhiou Guedj,2,0,5
Scat Urbam 1,15,7,1
Sebi Escale,48,3,5
Sebi Fass,48,3,5
Sebi Garage,48,3,5
Sebi Gare,48,3,5
Sebi Thiokho,48,3,5
Sebi Tonghor,48,3,5
Sebi William Ponty,8,3,5
sefa Extension,10,8,4
Sefa,10,8,4
Sendou,2,0,5
Serigne Mor Niang,50,12,4
Serigne Tall,55,14,3
Seydi Faty Gadiaga,25,6,3
Seydou Kassé,55,14,3
Shell,6,8,4
Sicap Amitié 2,11,2,1
Sicap Amitié 3,29,1,1
Sicap Baobab,29,1,1
Sicap Bourguiba,11,2,1
Sicap Bourguiba,14,4,1
Sicap Darabis,14,4,1
Sicap Fann Hock,11,2,1
Sicap Karack,29,1,1
Sicap Mbao,7,12,4
Sicap Mermoz,29,1,1
Sicap Rue 10,11,2,1
Sicap Sacré-coeur 1,29,1,1
Sicap Sacré-coeur 2,29,1,1
Sicap-VDN,29,1,1
Sidy Touré,27,13,2
Sinthiane,45,11,5
Sipres 1,15,7,1
Sipres 4,57,1,1
Socé Sow,56,14,3
Sodida,21,4,1
Sonokhe,48,3,5
Sotrac-Mermoz,29,1,1
Souleymane Mbodj,49,12,4
Station 10,12,10,2
Taglou,32,1,1
Taïba 1,15,7,1
Taïba 2,15,7,1
Taïba 4,15,7,1
Taïba Grand Dakar,14,4,1
Tangore,8,3,5
Tawfekh,23,6,3
Taïf 1,7,12,4
Terme Nord (Travaux),57,1,1
Thiaroye 2,19,8,4
Thiaroye Bagdad,50,12,4
Thiaroye Gare,10,8,4
Thiaroye Kaw 1,56,14,3
Thiaroye Kaw 2,56,14,3
Thiaroye Kaw 3,56,14,3
Thiaroye Kaw,56,14,3
Thiaroye Leona 1,10,8,4
Thiaroye Miname,56,14,3
Thiaroye sur Mer,50,12,4
Thiawlène Bounte,40,9,5
Thiawlène Digue,40,9,5
thieckene,26,12,4
Thierno Kane,27,13,2
Thieudème,39,2,1
Thieurigne 1,28,2,1
Thieurigne 2,28,2,1
Thieurigne 2,56,14,3
Thieurigne 3,28,2,1
Thieurigne,56,14,3
Thiogal Rail,20,4,1
Thiokho 1,42,9,5
Thiokho 2,42,9,5
Thiokho,41,9,5
Thiokholane,4,7,1
Thione Samb (Wakhinane),53,13,2
Tivaouane 2,19,8,4
Tivaouane Diacksao,51,12,4
Tivaouane Peulh,52,11,5
Tivaouane Yeumbeul,56,14,3
Touba Diack Sao,35,8,4
Touba Khaïra,7,12,4
Touba Montagne,23,6,3
Touba Ouakam 1,32,1,1
Touba Ouakam 2 (Cité Avion),32,1,1
Touba Pikine,10,8,4
Touba Thiaroye,10,8,4
Touba Thiaroye,56,14,3
Touba Tivaouane,53,13,2
Toubab Dialaw,54,3,5
Toucouleur,23,6,3
Toundoup Rya,57,1,1
Usine des Eaux,56,14,3
Wakhinane 3,35,8,4
Wakhinane 4,55,14,3
Wakhinane Nimzatt,53,13,2
Wakhinane Nord,36,8,4
Wakhinane,35,8,4
Wakhinane,51,12,4
Wakhinane,53,13,2
Wallogui,20,4,1
Wayambame,45,11,5
Ya Mbodj (Nimzatt 3),53,13,2
Yakha Dieuf,39,2,1
Yata Say,55,14,3
Yaya Dabo,53,13,2
Yeba 1,48,3,5
Yeba 2,48,3,5
Yeba Inda,48,3,5
Yene Guedj,54,3,5
Yene Kaw,54,3,5
Yene Tod,54,3,5
Yoff Tonghor,57,1,1
Yoff Virage,57,1,1
Zone A,14,4,1
Zone B Ballon,11,2,1
Zone B Batiment,11,2,1
Zone Industrielle,20,4,1